2020-colors-pt-3	0649335ba64817fadd19e70f436e8343a8d374ee	2020-08-28
aa-computer-illustration	91807cade3e1828cafbc8a3284439bee3f077a59	2023-06-21
ab-subtle-inline-alert	c4f1c99f86287894fb7bb24bac0c8058d5bbcaa7	2023-03-21
ab-tabs-experimental-update	53f41ad438d87485bfed0912c4c3cc15ed9b8efa	2021-07-30
ac-add-kanban-icons-to-gamut	010a7791133a63e7460dab9eb51c1d898be72640	2020-10-01
afb-ad-add-aria-label	e011ce23856cd4ec99af2624fb20656e9bb06ab5	2020-06-17
ag-toggle-styling-GM-56	3f006b6dd6f6a663737f3bbd4cbe52a10768a361	2020-08-05
agent-agnostic	4a8e0c54481ad19acae7394dc7a8026835698e4d	2026-04-08
agent-skills	6b51a96be91732bceeda4d34d6a5aac1ef698474	2026-01-26
ah-add-typescript-css-modules-config	1ab9a6e7fff39b9c16d8dcbbb903c4e79bfd5ff7	2018-10-24
ajr-add-fieldset-legend	27e1925e40032271ff1aa925a5474db7ee2097b1	2025-10-28
ajr-add-new-accordion	b5fef07b8d6dbc8f1b7bcddf2149d2f309d3ae52	2023-09-11
ajr-add-option-show-image-mobile-hero-REACH-1325	908b84e9753141951e4de0075228954af4111512	2021-09-22
ajr-bump-typescript-eslint	02d45f336d6303869d6e96857d25eeb86398150b	2026-08-20
ajr-catalog-menu-REACH-837	72fd2ac041aa959bab5d9b927ef7a772e2cea1c3	2021-05-25
ajr-datepicker-polish	0c917ac1664aea6f009a39909e0b9c0a35d1abe2	2026-06-23
ajr-datepicker-test-cleanup	2dc12ab875e376b3bda2df953aa9379140f4c6f0	2026-05-01
ajr-fix-selectdropdown-tests	23fbb511cfa890d25bc500411130e0da9c6e7e49	2024-12-10
ajr-new-testing-hi	0c889ae0c85f749fcbd25f1768b2596883002ff4	2026-09-11
ajr-sb-a11y-beta	a02b19ff5b97b0f1e7aa6f945c87a23ebeac7ce5	2026-06-25
ajr-scss-beta	77a5abe8df0fc4aa487804dd723c580d55d9d318	2026-05-28
ajr-selectdd-size-standardization	113895cd4846c0224f54eacecdf55166d0d00bf6	2026-09-03
ajr-testing	08b8e439c4c67f67a69e390c178b37476eff08c7	2025-05-29
ajr-update-lp-description-top-margin-REACH-520	a1dfd85f9d5efa7cdef62256e54d7fdadacfeb20	2021-01-20
ajr-update-menu-variants	732f9150bf6762929c7fa9eeaa5c14085c365b94	2024-12-13
ajr-video-beta	b80a9ce2d27aabd95cdf9f35dd7ae5078e95171a	2026-07-29
ajr-video-no-scss-GM-748	4224f7977b927efe9695a79965a5ef5ad96b7b7c	2024-10-17
ajr-yarn-3	3254e0420351ba099f568ae5720183c70769e7fc	2026-01-09
ak-markdown-changes	ebafc3e71c4d26dacd6311d2a6ed9c5b5e6131d7	2025-01-21
ao-flyout-menu-close-btn	1734449edc612c39d45237871c0af834b0e31e70	2021-06-16
ao-jg-monaco	9e865f97b576cb22be34bfdccd60400bf15c4b02	2021-03-22
ao-monaco-options	651cbdbaa5ed73ea35a1a4d7a0cff882f9988976	2021-08-18
ao-monaco-package-v0	ff493ae6279159b5341ed0b805cabf5c38cf7b8e	2021-04-12
ao-monaco-theme	31ca910e6870f42baed93f257a63aa06480dbaa5	2021-08-17
ao-monaco-upgrade-2	e388a0c9cc4b28ce6b9bcd1aedc191cba949fe4b	2021-07-30
ao-remove-new-label-videos	5cc1fc5617392d788f47e3481ca1a4ebfe11f049	2022-01-27
ao-scrollbar	7cc3caaa520e86305b0a0db97c29402276713aad	2022-01-26
ao-truncate-text-curriculum-card	54b8ac92b407ecd55877be976384d4f80cd949f5	2021-06-22
ar-add-emotion-plugin	378fca06801115fe98523c2a52f9b5a50323a012	2021-02-16
ar-add-motion-components	f445d8e5b6673ed55470a3c9b0ad6fc43d681f19	2021-08-24
ar-alert-area	6cc9849edbc6515a3a23cb7d254118cbf508be45	2021-05-05
ar-alert-area-ii	8b16c56ea56364a806ffc7b5d2a7943ba67a651c	2022-01-21
ar-alert-refresh	bc5dc36a46560bb8bfd627a9a8542729c71cbc73	2021-01-28
ar-alert-v2	383590bcbe58e6e7dbeead7b11f851fbea6b27da	2021-01-28
ar-anchor-migrate-header	2960ce6d302e6f084c2a9e737434551536fe24ab	2021-03-28
ar-args-conversion	6007a627b1c94fbf1467bbf7d44d336e292fe3e7	2020-08-21
ar-babel-2	dfff5792ae612a2c6ac75c90c09b407a2f660c02	2021-03-15
ar-badger-badger-badger	d3750dcd1b17368928b13233b466ece1eceb2e7b	2021-09-09
ar-badger-bagdger-badger	4b19aa71b3621cd72fe80d780de756c9401120f6	2021-09-09
ar-banner-migration	00a4e829437c6ac04ba4716dabb45be77e2b5077	2021-04-21
ar-banner-refresh	8ba5bd5f65855b26f955849301516ffc49f25396	2021-01-28
ar-box	d06a0bef1a8d7ab24d0b9dcdac5293ee02914cbe	2020-08-26
ar-button-docs	ebf9ac63bfb9dd996d47be5c672033fc78e2a751	2021-06-05
ar-button-updates	95fd0c42dec18673c0479c974bf0ae322f306264	2021-01-25
ar-card-elements	1f29b0d25d4bdfd1243b14509d487e1dfad95ca8	2020-08-24
ar-color-pruning	53506ee4a87557d31f2e3e37faa2d704ee382397	2021-04-07
ar-controlled-select	9aac483a584a635b9ad92ce2a8c4de255ffce1ad	2021-04-26
ar-convert-alert	55d35b12ab53ec006fee14db65a734c55234127d	2021-04-22
ar-convert-video	4deb8b000ca235aa381cbbffb9accae88465f54e	2021-03-20
ar-createTheme-docs	b8a33f3e6e1ba60693bba1033ffed94558c209c9	2021-05-21
ar-css-vars	e83ecab23fc48e1076c117fd620c079c2beea241	2021-02-25
ar-current-bg	6eef0c9e908352bce47dd6d1d5501fa29b5a0385	2021-06-02
ar-deps-upgrade	057b93e4c880d3e52b383b83b4de156900767d3d	2021-05-30
ar-docs-page-theme	c6f3c00168979f938e493ebb5f1b3352da1dd6d6	2020-12-08
ar-drop-patterns	cb31ce9c43bfe49f4d41902c8bfe004f8cfd47a6	2020-08-25
ar-emo-accordion	804525a28c4e9dc3c5d8a15084ae2775b519a3cd	2021-01-28
ar-emotion-first	a26a9d69cb800a24f246e6917a0d61024f8d0197	2021-03-31
ar-emotion-layoutgrid	23d922f7f1bf8311d6654c98c13fd89f37e53812	2020-07-27
ar-emotional-overload	52c77ea977a87a1ca945da1381147e3d75daffc0	2020-09-18
ar-file-heirarchy	1ad574522ecab25ccf34dea6fe7580578f0b7b55	2021-01-13
ar-fix-aria	7fec3aa4e7caf17f47d6cb2980c649bd07b6faea	2021-05-28
ar-fix-compile	3ceb38168cbf31fefa840ec09cddf4183ce86af0	2021-03-31
ar-fix-story-decorators	359d002a8fd7acc70ff1fec708a5aca417891906	2021-01-23
ar-fix-system-prop-scales	7a6839a7a3ae8330165bcd2dace75160c9650bae	2020-12-27
ar-fix-toggle	741e7e824d4f2b29bef46cecc249ade1e191e3f5	2021-02-25
ar-flex-list	b37e4d8c3377a88b821a53e91b45c60fe3831fca	2020-04-21
ar-floating-card-coachmark	f543c2e5ed74a4bcf78b8be13ae22d98a2b6ff94	2021-05-05
ar-funtimes	d3b0757e34c694cc4c62f067ab6134bb46b7aa2f	2021-05-02
ar-gamut-styles-utils	62d275c9071aab2e750b1a441a625f455089c1f9	2020-08-12
ar-gamut-system-demo	1d9c57564d1ee74d59bdfa31001dd91c9b7705d0	2020-10-05
ar-gamut-system-docs	e5fac4377b064c2f83ae3c0e5f4e5d43c6439015	2020-10-13
ar-getting-started	4e7d5ecd89c5ffdbdffb2cdee83ec0ce39512b56	2021-01-12
ar-grid-props	5bdcfcae121d5f106c40e61c801a2c9c7c611830	2021-05-30
ar-grid-styleguide	e644c5ac7982439d55ad71d5c617711c36081631	2020-12-08
ar-icon-props-fix	63cb760463f977ac1bbceb0cd1910fb3cf11dbd8	2021-08-26
ar-interface-hover	dbc7b1e33f1deacf840b71c70a20dd026edc0546	2021-08-04
ar-logos	bb554bc39ce239afa6b097a1800b751a65a40263	2021-03-20
ar-migrate-text	eb6916c582f96ad57b0918b9f80dd1f489fbb036	2021-03-12
ar-modalbody-lock	cf27a4e1dcbd1f3b4a617b0fab352a82cfc26bb7	2021-09-03
ar-modallock	a69c5427a31c92fd6f59a73517f2166adfe02567	2021-09-03
ar-mode-helper	55bbfdd5e6d9ffeb0961dfd150d2993ba1f7323b	2021-05-06
ar-new-card	679145712da8ff5007f99dfd2f2ca9eba89147f4	2020-09-09
ar-new-modals	abfa3693ccaff50bb006de9e49658a0365e11d90	2021-03-12
ar-new-reds	0e6b6c1f3b35eb3cb040d99bdd024e1aab0ff8e4	2021-05-25
ar-nonboolean-modes	3e80b8bfe64168d79d1674f711f0e7c2d8346644	2021-05-13
ar-notification-clean-up	9da71d3760069837e5d86924f71fbfb3c41070e5	2020-11-13
ar-npm-badges	155d340c64fd9b7f19127b4064d25cfbe52dda45	2020-11-24
ar-patterns	c450f87ba71195d00913f50663cb436e36c224b5	2020-08-25
ar-platform-theme	b69c2535cad38daef4b6fe9fc9962e00c7745cf6	2021-05-13
ar-prop-builder	34c8fdfeb264bfa4f02df610dc624bf2781364a6	2021-07-28
ar-pseudo-selector	cb8dd1a554fb58f5bf66c258b8ee295ccdcedcf7	2021-02-09
ar-pseudo-state-stories	001ffc84678d3a8b60802a7d8bf31b5cd09f102a	2021-01-29
ar-react-17	d5628ee80f4431037b54b414a4d9270e951f0a0a	2021-07-15
ar-remove-codecov-badge	0b1f82b4ed403cb5d061a604f9889601f1a36073	2021-04-27
ar-responsive-config-fixes	f60e762fa54bf595baa0773e2598afcf6f2caa66	2020-04-13
ar-responsive-properties	af9af0e2043a2f3ce388531c8767fda8537117b1	2020-03-04
ar-sb-fixes	e2fccc00473fbd63c40241cd73c31acc6d5ed241	2021-06-14
ar-scrollbar-styles	9fa54a85c7b09dd3da6f51427456ccedceff4a30	2021-05-05
ar-scrollbar-styles-i	e65a59f54a271200eb835ad51f92a340ff4a6fd7	2022-01-14
ar-scss-docs	a8f39d90eb25499cdae8234205c44df4cc3bf280	2020-12-29
ar-simplified-system	a8287d3cc2fd09c3aea983a34e32ba713f276cb3	2020-09-17
ar-sl-mini	f51b995139be518c5da15743ca7966bf0fb53c6d	2020-07-21
ar-submit-disable-conditions	def901396cffea6fdbb752306c1fcf809c90459f	2021-07-20
ar-swatch-and-learn	4fa696590f1b4f5844853710bd069c3b4883f4f6	2020-11-12
ar-system-alpha	61f214916b6267b3ff0dd604fb3545de09994ab3	2020-10-27
ar-system-css	4c9549baea6cbdaedafffbd1d5487ef95e710029	2021-01-21
ar-system-css-docs	4cced8c3cf550e45512407ca985f6356abb7252d	2021-04-21
ar-system-types	ad48ffc33a4a4a2691257ef171536cdf2c1eed44	2020-10-08
ar-test-lerna	43aefd187645e11dcee22be08721babdb903301f	2021-02-03
ar-testing-line-height	e6824f4ba33eb08e12076477a2a620a2df9fded2	2021-05-25
ar-theme-docs	8ca11b9b91b0d9fd97bd7188de73fa7d68c541e1	2020-12-07
ar-toastest	d1489b50723c3e176c9167a3c168f07f34be0f67	2021-04-30
ar-token-cleanup	8693a496c62e02ba680d66c264f5f61b2f8b8835	2021-04-06
ar-token-removals	37e7284f7569c5da9f3996af79b71505ffc380cd	2021-05-13
ar-ts-4.3.5	938ad6250b56023a3f4721a4ebfa312c3f05ab56	2021-08-18
ar-tsconfig-kit	c0187f2a814cf4fca300ecb649a1d44424e0b1db	2021-03-07
ar-tsyled-system	dc1bc68909ec86729f409d65590ad06008251eac	2020-11-06
ar-variance-alpha	5d4f69a3f7289b8e58a553917a63051ae4f1fbf9	2021-02-12
ar-variance-alpha-css	7f073cb74c4a4bed2b4137327c1dc4bd63efad4a	2021-02-14
ar-variance-migration	9e9ede7858c81bc9a7d5ebd52b40ef94552f0071	2021-03-31
ar-variance-package	6752eeeae67d4d60ce30c565cec951b91f821aa7	2021-02-24
ar-variance-test	743d4079eb71c666ff5362967b2c9e7dc63e591d	2021-02-21
ar-variance.1.0	1c957c6d0a063ecaa9d332fa5be406cf571aa1c9	2021-04-26
ar-variant-api	915f2d9acd23f2839611511628b90e14107c1729	2021-03-30
ar-webpush	982f7858604591bd9e3eb758be499d967abf58fa	2021-04-08
ar-what-the-heck	1ce2b65e477ea2347ddbe6fe3e0808d169481d4e	2021-04-23
ar/whats-in-the-box	7b658b2ccca30d60139dd950999377e776276e1d	2022-04-15
bd.add-career-interest-illustration	568ad4652de9c02994a338615b75e7498f608d59	2024-02-14
bd.REACH-1941.show-mini-cc-logo-at-specific-breakpoint	9da3f0ce152e0854d7372e39c62f300385797442	2022-08-02
bm-add-className-to-checkbox-input	1423abf09a9f48b469714f088ccd7fdc86133ba5	2020-07-12
bm-add-get-help-icons-lx-1961	7fbe161eb585c3fabb51df861a95a009dca21442	2019-01-28
bm-add-optional-classname-to-checkbox-field	f9bea32676b0cdfbfd4b928550c9f44bb9eb5c36	2020-07-12
bm-catalog-icon-lx-1476	976c0e65ba045e4586c73b6db3a55c2c13d79c95	2018-08-10
bm-move-codebyte-editor-to-gamut	4c43f568d1a8708fbc3993ca24a0917d74ed0e67	2021-10-31
bm-pass-event-data-into-on-notification-click	240128ce22fbc975be957599ec7c6bd1747fde8c	2019-10-10
bm-pass-event-data-into-on-notification-click-GR-1050	5f519916c3744c2916a47996290c2e45745d1c62	2019-10-13
bm-update-dots-pattern-to-work-with-dark-modal-WEB-2076	444c8f58f0b4c1632033e9ac02faf11b604b9672	2023-10-05
bm-update-tracking-2175	b5e040f10b4b26e4ff8a7d30e55e6abad2030c51	2022-11-17
box-component	f55704d268ca202788e2f9443f3e845d58090657	2020-08-24
cass-atomics-oracle	a386a0c51c87a4d28395a16232796f020a60b05b	2026-08-11
cass-code-connect	f5b50b19955de22b20521611a5cc438142d67258	2025-06-24
cass-connected-form-test	2e0bbf8025bfdd38ce90f46ef23aa91f717842a9	2026-06-22
cass-datatable-column-visibility	b0b71a88f13cf5496761e1e91a45aa38557a2ada	2026-08-25
cass-design-md-theming	c2c8c9d2ccaf504fbbde6940e25bad3a9a11c1a0	2026-05-11
cass-dtcg-tokens-poc	94feea34d8526066e611a16a59f7b986947eedae	2026-08-10
cass-gamut-emitter	f5a607bbad4810fb432a9fe645cb55b7e3cb8dde	2026-08-11
cass-gamut-styled-poc	833e3275394fc52a68b1cb947921fc6960763fc6	2026-08-07
cass-gm-1001	23d79f4b6b8d43c5f06bd7f7eef6b5b46fd0c882	2025-02-13
cass-gm-1087-test-ci	f22d431c7d83a381aa120a2e91121029a749991d	2025-06-17
cass-gm-1253	7dcf54a691f7f25f979afaa91d457f434d865c70	2025-08-15
cass-gm-140	b94069d2158c2094b2237f239298e67e4136b1cf	2021-05-10
cass-gm-1589	501bd08dd853ebfb5aa7e154d0057ecad59ed4ca	2026-05-12
cass-gm-348-test	5e1f38f625f5ed38086d5262f20a11530e32a923	2021-11-10
cass-gm-348-test-01	9ac2077c80ecfe69932f835bb7a749c6320dccd1	2021-11-09
cass-gm-395	61e15162fb99d8241214429f1fb58aaf19187610	2021-10-14
cass-gm-401	9cc91ca57dae7a6af983b10f4a5ae5871d5fc175	2021-10-26
cass-gm-548	382691b8e73da1590f9c41182be67197ff474cca	2024-02-28
cass-gm-549	8441ac890bcdc6661ee5228802675058b6d92746	2025-10-09
cass-gm-763	50bb493e0ad48ff0156c25f6f797c1a216330a05	2024-07-01
cass-gm-author-fix	7961f7b34aa528f405717d3df42bd480800795c8	2024-03-18
cass-gm-circle	5e5cf74774c5c1a9f354603895180e51fc2b1d91	2021-10-25
cass-gm-gridform-validation-fixes	8c54bd91b4ef0dd41d9773f21c7cbeae19c73b38	2021-06-16
cass-gm-plain-1819	0c5da04c85dded9d55da1eac2fe2e514f83f7f88	2026-04-15
cass-gm-plain-19	3a3e1ea7b03cea3797b2f3e01c4a1d3a6c1f3e30	2026-04-15
cass-gm-plain-19--jh-type-fixes	3ed2ce5d11e38bea7f61c65e1464d48b101b4100	2026-03-19
cass-gmt-1607-publish	8cb680b212db9135d8f9cc2940b956c99b01cc9e	2026-08-13
cass-gmt-1709	f96f9762f719d50bba3c991f20c0fdba78855dad	2026-07-22
cass-GMT-1715	d969350dda9bc129aa33366beac8b667eb0d823e	2026-08-06
cass-GMT-240-barchart	6b821f38fc108d71e207a0d96f7aad4b27a58505	2025-11-17
cass-gmt-30	abc6c97478b266d4eb7cc6b5fe384b79513d18ac	2026-09-10
cass-gmt-4007	f5069e9b483da6781285f3c94ad6fc7ff4ed49d5	2026-07-15
cass-gmt-agent-tools	50a41189d8d4df2144215740b4a719b4d0117ba3	2026-05-13
cass-gmt-agent-tools-design.md-fixes	5e0ff94cd1998364406f24facd83bb2d49647684	2026-05-15
cass-hack-chatwindow	2c572b501954c1a3ca8c7aab772d9dd0c66c7e87	2023-05-04
cass-module-refactor-test	7b8dad9a38dc167cdea2b5825a47ac2e838da812	2026-06-30
cass-rtl-example	b5d6a56f67cbdaf90ffa6c1fba24ec04916abd08	2025-10-09
cass-tsdown-poc	8c2ce2b03e32f67c3f2ad09f9cfa441c4e66137e	2026-08-10
cass-web-1944	19d938772bd425ccb99a1fb37713bab8952ef322	2022-05-09
cass-web-2055	6a7d40747c0e3c55d5bc7bff653bb1f90d1245bb	2022-12-06
cass-web-2148	58b75435a9efbca8bd8aa38ffcf26cf2a666f2fe	2022-10-21
cass-web-2244	be9b6617d654cf64b84001341c9270a40f7b2182	2022-12-20
cass-web-2348	0bea037c23b1d09431fb6b0df1b1d77e06040afe	2023-09-27
cass-web-2384	211364c302abe4d75af11ecabd79c9507284abdc	2023-09-14
cass-web-colormode-new-test	4e67fb2c16b096247362084391309cc7dfd13b6a	2023-02-22
cass-web-fix-versioning	592657794d5bfbbf1c4cba025a2ccd3c00aec485	2023-09-27
cass-web-minimize	d15f9086b44f9e70479005d44aad4b763deff0af	2023-05-30
cass-zIndex-temp-fixes	a044c872d1a91b4800d988e042df1cb85379b553	2026-01-06
cb-dynamic-scroll-shadow	0799233ad95cf677dadcaa5330c586fddf29f588	2021-11-23
cb-globalheader-author	176778165ff69c6d565659af2654b6131e3802f1	2022-05-19
cd-a11y	8744f13cef98c20e160c1b64cd7ff68b7b332d12	2021-02-25
cd-careers	aca22e147246cef3908a91aee40a643830bebad6	2021-01-21
cd-header-height	468fb49a30d67a568d38e54f41ccaf7dd8c46c44	2021-02-23
cd-search-optional	20821b291823bbe2c9b4971e754300d4ba14fb4f	2021-07-12
commonjs	ab141d25bac16cbd881f682ac16442fd7457190e	2024-05-06
copilot/fix-592298ba-a569-4099-88e6-9a2012641367	6efdead2753b141cd2f7ceda72387198158c5cc3	2025-08-21
copilot/identify-missing-test-suites	fa434ef60dc1ab1f7f01075fe8f61c2b7e56aa06	2026-03-20
copilot/replace-emotion-styled-with-usevariance-hook	5156a7e42b66abf6106f5a0c90bbdc063cc58ff7	2026-03-19
copilot/replace-styled-with-css-classname	87dfe12587a2cf1a5d1c5c51e5a6b9f62a0699e7	2026-03-19
copilot/sub-pr-3288	63d6e30ed17b7103e3e3206285715b7c1d5086bc	2026-03-19
ct-feat-horiz-scrollbar--jh-test	9a874eed495d3251c339b306bf0d557b1a6dea1f	2022-04-05
ct-grid-form-renderNull	9f30245c25ec69123805860f1cc50f7dec22b5b9	2021-05-12
ct-pixel-box-dynamic-svg	9970ad6401aea9a101c735337b1d427ce95dadf5	2020-11-06
dependabot/npm_and_yarn/ip-1.1.9	f51c0666eadecef9d45e4479d18a9e5ab5f8e2b5	2024-03-11
dependabot/npm_and_yarn/joi-17.13.7	37d82f1ffdde4d529c65bfcda48c47aae5f3dbe0	2026-09-11
dependabot/npm_and_yarn/js-yaml-3.15.2	803cea36044af8efbe385e3f6a703026d49f69d7	2026-09-11
dependabot/npm_and_yarn/npm_and_yarn-671407ec4c	6df766955389a5a23bf483590bffcef22d6cea91	2026-09-10
dependabot/npm_and_yarn/semver-5.7.2	8c788a3e36100c0dec1c365f89a53aaefd230b94	2023-12-13
dependabot/npm_and_yarn/svgo-2.8.4	172aed279f6dda35d9ecbc6a7a21c1cee7f0bd77	2026-09-11
dependencies	e32bce8d19ad219f6a89b38e9256f748fe10cbf8	2021-08-03
DISC-864_Remove_feature_flag_Forum_Recirc_Cards	86797f3a2ba5d6ba3abcbad10449b84ba929d86a	2022-10-21
eg-no-fill-on-new-page-icon	995afb559af8e125994e84d57232799a41eb18eb	2019-01-30
el-gm-970	7910b87bb3b11685b389457cf04e8deb0c590d7f	2025-07-15
fix/security-picomatch-2.3.2	1c244c1a87322c0a9041284991109ae203fca7ae	2026-03-27
fixed-versions	9a6a4ab385c7783da648a9022054c2721eb49de5	2025-04-28
flex-component	4cf4c38e43661aa0d94baf19bb917f404386d094	2020-08-25
gamut-emotion	37d7be983f5ef9bee28b77c43728bb576f83ab09	2020-07-14
gamut-hztl-scroll-axe-bug	7bc49ab6e767f3445f7d5123313a6f86c125036f	2022-11-03
gamut-icon-test	1a4e433bcb94681f393e835cd814bdc30a946f29	2020-10-22
gh-pages	586defb399f106a355a35efc6a7cc3ed6cb153ba	2026-09-11
gm-156-modal	278281aa061c3119c8acd6bd1a10458582173e34	2021-06-01
ha-hackathon	a1f8921263f6766dc4e35e57ce791d8aee7ad9db	2022-11-09
ha-popoverOutside	bf0f980b6d002bf6f2aa18a878c9c67deb340633	2020-10-30
hack-2025-mcp	bc0a6af51023d97ede805cfb0a8930e5eccde259	2025-06-24
hack-spring-2023	691ca9efc29768250cea112ab6d1c0b592c2c8ff	2023-05-03
header-animation	0148f9665a396d34c4622087009fa4869561bf15	2021-02-08
hooks	8fcb514c5171233cd6734310ac87c3f3c868eb55	2020-01-15
hr-disc-600-tests-cat-dropdown	4148b3cb961c7105c79ab73d605b9a75a2206756	2022-04-18
hr-disc-785-catalog-dropdown-v3	4d6e468271b54db033bc31a207168094a7202093	2022-08-30
icon-fixes	97cee3a58a37afd75869e6318a9210d57b664f01	2019-02-01
im-gridform-textarea-placeholder	caec664ecaf7f59d5c6556eb04e9a594c745cc3d	2020-12-08
ir-dialog-modal-fixes	2ec58ccbd41f5fc94c793f97607bb6dbfc8bc531	2021-08-11
je-archedwindow-icon	127de628a7408b62764ecc20b4c25f46ac1409c0	2021-05-13
je-fade-popover	2e4dc3d624c2cc9b4ae15b5931fe6ea953981a0b	2020-12-07
je-menu-role	3ed3a26edf88202770c597af6bd4a3d66bdf52ca	2022-06-14
je-typo-fix	188e3a1737ac0ac9d7a875e75656af98ec6aebf9	2021-02-24
jg-apercu-suisse	f75e484f1370471e120158dfbeba1b8b6c5fb88c	2020-08-21
jg-emotion-tooltip	f63dff8cfdd984b4a338073bc32471f46ba55138	2021-03-18
jg-eslsint-config-updates	17083f0534cf0753636dd4c04521928ac998d85f	2020-08-28
jg-figma-below	2ec8aa03d7877f183566fdf15074869232c92f7f	2021-10-14
jg-fill-button-hover-light	d8809543b03916ef7e978b921fc41baaf530455d	2020-12-11
jg-jh-webpack-5	a2cfa8d906b8ba3700e4e9fe7391fc117e214b5e	2021-02-13
jg-main-old	ae0779481cf4a402aefe5d33c34befdbbf16d40a	2021-10-26
jg-main-restore	5e5cf74774c5c1a9f354603895180e51fc2b1d91	2021-10-25
jg-menu	0be9535feffbb6d53a9ccdcd1c97f33a2852cf01	2020-11-25
jg-notification-redo	fdd718ee092bebc4f35b4c7b9ffb1512d9b1f2a0	2020-12-07
jg-pattern-unique-id	6d6ca859f4cdcb22bb535c37ee239b4aceaf9f64	2021-06-21
jg-reach-ui-popover-example	b8ebfbe4cb3e53c0ceb55dfcbf7fd1a820fe6b47	2020-11-17
jg-tables-of-contents	c0c2985498ac56a6674b5b2198bc62508c5f9949	2020-12-27
jg-tracking-fix	176fe3f5ecd0a0428e6123607da459c1ebff2fb6	2021-05-02
jg-tstyled-breakpoints	4714cc55fbef5e37cd384461e63c7a12bde2853d	2020-10-05
jh-box	32e10166d697586b01519b019f67b390045c2235	2019-10-08
jh-build-gamut	d80bc11bd73ae9fe225e7160c0d7609f694f3276	2019-10-01
jh-cass-web-2055-rtl	6402c4b607d55633f1d8e8ea2af064a0771e5284	2022-12-06
jh-ci-workflow--only-changed	d06b5c6fb607bf71f8f6b5f69e8af96a84b26d0c	2020-12-03
jh-css-tree-shaking	c7b45655bdf76db9af99fc71ee436f6011664cfd	2020-04-21
jh-emotion-box-component	31f5ef52c0911ffb023bff480d7f64c1407e69ce	2020-08-24
jh-emotion-flex-components	894c715a2cffe31185c8ce4ddb67396d35a4c0cb	2020-08-24
jh-emotion-flexbox	6222e2a9c8497670fd1100ec99e70c970b555ee5	2020-08-03
jh-gamut-icons-adjustments	0535c6e8fab7d9ff7f272108884eedc7dad2720e	2019-12-26
jh-gamut-rollup	d8997d1948ee3ae4982efef7071695f37349d646	2021-02-16
jh-ha-buttonbase-reset	c8ef9d2772d39bd4acd9a7ceca03c21bfd504a90	2020-04-21
jh-heroku-review-apps	2b19502a436803f182b256ac2785179a535b285d	2020-03-03
jh-jg-webpack-5	982bac595b8b0965c0fe8a288ecabd1ae45ec1db	2021-06-25
jh-limit-stories	006af20744511da24cb40e5ab73083f4f4c92470	2021-11-24
jh-loosen-dependency-versions	ec02d0710419fbd26b00f663aad0d512a0e2c340	2019-08-08
jh-overlay-close-callback	9c58d8d98bf42961bf51e9f6360d28c42f1d8743	2020-08-18
jh-react-18-follow-up	348643fc4b6116e5ad1e62f73f006792e8f291bf	2023-02-15
jh-react-key-spread	8961511847d1faa8d266462a4540b906d58d6c7e	2024-07-01
jh-react-upgrade	59fb337c9cab1e555f48ff406e2525c33ee7a26c	2024-09-24
jh-revery-upgrades	4894020d38311e0937dac4c308883fba3494e3db	2022-11-17
jh-site-footer	b2527077374661e3b1b6dae9bbf6498a62582308	2020-04-20
jh-store-icons-in-git	fa34d0753965d04046598fff3a4b1ccdb0a09c6a	2020-02-13
jh-storybook	765d187d25dd119e4a81bce3d8c619f3f5f64fc4	2023-09-15
jh-storybook-6.4	6dc161f99e947e760543eece795af8f4f47d2509	2022-04-27
jh-storybook-cleanup	2d75df0d74f4521e3f328d447c699e0d08964959	2020-01-27
jh-storybook-generated	f01205bc080d948e77294f0a560cdd2c5adf2fe1	2022-10-20
jh-tabs-unification--nav	4690fa080e22e9426e13765fabaec43d8c0e16a1	2021-12-08
jh-test-breaking-change	823f0bc98082a26c461da8e5e704c6ed187ea989	2020-04-02
jh-trusted-publishing	06437257702ebc8c17664a7f21c40930adf9d907	2026-04-14
jh-turbo-cache	7d0e487492d649e1210848ca7d600f1db39b35cf	2022-07-28
jh-typography-updates	63eb38b68cf47c5484cebd83ebec3d9683a9cdfe	2020-07-14
jh-use-gamut-icons	196afb733dd2282f4f9ecfda6dd8e9ff06735110	2020-01-07
jh-yarn-3	211364c302abe4d75af11ecabd79c9507284abdc	2023-09-14
jh-yarn-deduplicate	ab010554d80481c46f29a2516a746a6e49da6e09	2023-09-13
jn-accessibility-fix-gridform	4ef874d0a8687a2c040a24412a0dd4197e8368dc	2021-01-20
jn-business-a11y	feba044ce98b01678c8fcf53a330df34744c56c9	2021-02-11
jn-EN-1752-card-voiceover	34fed6af61e587c92a82d67bfb604e00398df7d0	2022-06-27
jn-update-radial-progress	1f37eae44556e7a4c714fea1d9c6a40076fdbbfa	2023-07-13
jr-show-invalid	2dbc3443c76f51f2d7e030cb1e56b91b66b470bf	2018-08-16
jrood.COPS-140.pre-rendered-alert-elements	76dfcbaf720d47cd8e30b8df0a88ea53feb3aa49	2025-07-30
jrood.export-web-font-face-styles	003385514b023738f23ba9e9451d7ecfa8f9d39e	2024-10-17
jrood.font-test-use-credentials	ad279b278fb6d0febe1ac54eb4b5a558c0fa6443	2024-09-03
jrood.REACH-2522.auto-position-dropdown-button	2809e2230dd7eda136e3b53d5f1639429ca6e54f	2023-04-24
jrood.rm-pagination-navigation	ccbb4fff75223a04f5dddb19eb09082d9e84d9e5	2025-01-22
jrood.run-format	d9df27a45633740ce2154bc3b6bf05ba6e983871	2025-01-16
jrood.simplify-FormError	1c71f50cc72605cb9baa070473754d199a1ecc18	2025-07-31
jrood.staging-font-test	7370996170af7a2340b5b5b0ad0fdba6e7210587	2024-09-03
jrood.static-asset-staging-test	c4786da58abf2fc69cd620ad1d6a20af090c83af	2024-10-22
jrood.upgrade-framer-motion-7	29fc38a2d2c7e9f7af92921073071e39e22d9ed2	2025-01-22
js-card-color-mode	8d37c469cf1b6497d08af6adf10f48e4ddcc6b7a	2024-03-15
js-resources-dropdown-data-DISC-686	9bab1d33a0267a85cd6f6afc57636a9536524cba	2022-06-23
js-revised-dark-mode-cards-DOT-197	85f0ecdbf6959969a564201512615e7e246e8785	2024-04-18
jta-update-page-features	5a6c5d7560b69d3b90f81f7de40c660921b53884	2021-03-17
jxg-browser-inspect-illustration	8c602d02fdb60f4b266c9242fc0fc6f15487bf0c	2025-11-11
jxg-GRW-32-gift-card	00cc112ac67de9b192f539372381a8a2062a592e	2021-12-15
jxg-list-row	fd3f94b5619649a41d9bf65bf32aa506980be673	2022-08-10
jxg-watch-form-effect	10e6de974e48eb10eb922823022abd24e4e2079c	2022-10-22
jz-computer-icon	4f09eea7b0ce969aa1ccb396a975d4d94055a3bb	2024-05-13
kl-alerts-toast-audit	20943106ecfadc7ee9dd32ad4a4b7887a432e274	2024-12-11
kl-anchor-text-truncation	3a4e895a8d561b1f40ff7bcf78553b0770a9e842	2025-07-16
kl-button-variants-for-viewing	ac7294a2f30e8bda9ea5cb53b744800166165b3b	2025-06-03
kl-code-connect-test	4e47045e486c2d463ef3e3f4f993479db8dc1748	2024-06-28
kl-codeql	34bb5ff2a96b9d6344d15267023cf99f8be30664	2025-04-25
kl-datalist-col-mock	4526541f7f7ea171bdfa007adac1139bc7386851	2026-01-15
kl-datalist-employee-table	97e76106b1b1894c8a3cac85938314a13884751c	2026-02-26
kl-dot381-expand-overlay-width-on-xs-screens	728368c44a66b9ab56bf5ca9d932f959084ca20c	2024-08-28
kl-figma-mcp-codeconnect-demo	c07db8483b05a2b7052b90ef2907ffce8fb4b83b	2025-11-14
kl-first-test-branch	c0590e8769a901c71af22629eac5667672103309	2026-09-11
kl-gm-1006-aria-controls	b719c11884268f7711ee035e9192ed4683a8189b	2025-04-22
kl-gm-1052-anchor-both-sides	7e37ce16ab5b5a53e4b3f5b898541ab4e3b8ba8b	2025-10-07
kl-gm-1121-screenreader	b9fde9c9c12cdc713395a8250ba2c205c9da5df3	2025-05-23
kl-gm-1155-platform-theme-updates	e507fcf4d2a3268c5eabb93b38d90e0ce2779e13	2025-06-30
kl-gm-1193-spike-figma-files-org	bb60dcbf404d1e6dec4f3c6fef91063f8e979cda	2025-08-06
kl-gm-1301-vuln-pkgs	2c90ee9c3c4eb0a687f458a6afeeaeb7e44549a6	2025-09-18
kl-gm-562-hint	16aa4be9648ececa1bc4722873daaab00d26e11b	2024-05-30
kl-gm-625	4fae55d7e02499e3f1ba04469bedc160e7235d6b	2024-04-04
kl-gm-753	b714ac38d8dbb85e3474339f37f81a361a4ef30c	2024-07-01
kl-gm-923-svgtest	2e37dc44e1e47e354d437363596267ee378dc04d	2024-11-13
kl-gm-progressbar-test	eb6f14e45c4e0869701611e5610bcd2abc32dfe7	2025-03-21
kl-gm-selectdrop-tag-fix	cf58e928114dc0dc396ec8be5dd2f0d8d4f9e409	2025-04-22
kl-gmt-1451-logical-props	0fd4406833ce2bf4faf46d286edc0400fbfb2744	2026-02-11
kl-gmt-1473-form-validation-lint-fixes	22bce522a00388e2535f68518f32103839f59429	2026-06-24
kl-gmt-1473-update-react	f99ea8c777368ee5b427fb405c050783f08a3399	2026-01-23
kl-gmt-1502-type-parameters-obj-mdx	9a17851386f2cacc50e146552d10ded4e4034a66	2025-12-11
kl-gmt-1508-logical-props-margin+padding	837e77e4b14a160e073c89549f247c21b86a5ba9	2025-12-11
kl-gmt-1508v2-margin-padding	24f237678b74b29a874d9dfdfe869a60e527d0d8	2026-02-06
kl-gmt-1510-logical-border	f7c2f59a20f2f06575cec14bf7a29a8540bd3c0f	2026-02-06
kl-gmt-1516-gamut-layout-typography	92998dd0af6c857ee0d99e0e51d380d9eb85fb9e	2026-02-09
kl-gmt-1516-layout-typography-revert	6d57a99987ed7b28b5791c313579ffba5cb22106	2026-02-12
kl-gmt-1516-logical-props-layout	cfa58ba30b37dc65d5b4600b1994b7d3a3b84ef4	2025-11-25
kl-gmt-1544-datalist-th-td-bug	edde314f1d8a8caaa14511c24a1d4dd7c1ca7142	2026-01-16
kl-gmt-1598-popover-rtl	8bb855f44b769a081d72f26be37b8fb2843c9a8e	2026-04-03
kl-gmt-1622-accordiondep-beta	f3b483bac06ce3f547262d2dfbab0ffd2cf4672f	2026-06-04
kl-gmt-1622-datagrid-beta	919a4871d764ec834a12d3b7b69416eefe66c21a	2026-06-18
kl-gmt-1625-gamut-beta-hiddentext	fbff74350725f99b11c82a56632ced004b0657e0	2026-06-01
kl-gmt-1628-color-replacements	3db0a3afb6e7bb07dea79378a04a5aab7010d3b5	2026-05-12
kl-gmt-1628-dep-colors-beta-test	7c3297d5dfa5f61b77d8ef70c633c99ce20d0cd6	2026-05-21
kl-gmt-1666-gamut-beta	7b0ce6e98640d4d1f7a04154a3be9e28cbb7d03e	2026-07-16
kl-gmt-1675-gamut-datagrid-col	d8b35bcae8d551bf91fbecbd2e354c5e58e0e09a	2026-06-26
kl-gmt-1676-gamut-skills	11d942792f9b3f69fe884e3b8a8f84069adc7f73	2026-08-07
kl-gmt-1704-gamut-elevation-beta	b963dcba7b45c4b3a51f791e232a96f8d43d3ce3	2026-08-20
kl-gmt-1720-zindex-beta	f9a794732cd90ec6cf9f349654b89b2d29e0a154	2026-08-13
kl-gmt-1727-gen-site-adr	5fc37f6548262cf6be67ff8af8c7d0e09f4309ea	2026-08-19
kl-gmt-1727-website-astro+starlight	5f43e09497b71a37c9ab52cb59324f0620bbeec8	2026-09-02
kl-gmt-1727-website-docusaurus	0dbf2201c70887ca161692b473d070eb0f8bc333	2026-08-20
kl-gmt-1727-website-nextra	94e56eaac77f1d2268788f6fd48080c751d66bfd	2026-08-19
kl-gmt-1727-website-vitepress	db243a6c6b3ca86d5bd75a37281d828ebb33faf7	2026-08-21
kl-gmt-1767-gamut-agent-docs-writing	c7b7baab787fd05e85bfb266421618e146069ef7	2026-09-11
kl-gmt-308-zindex	03cdb21c8c590c698ec9bfc3d4522c27fd8d5b78	2026-09-09
kl-gmt-308-zindex-beta	980e9fdf0f56c0f97cc3021cbf814700c7e84529	2026-07-17
kl-hack-mcp	fd12641631b589b76f245c85028d61e0905ee3db	2025-06-24
kl-import-export-check	d33c988951098c36d50190e8fe4a56957f09df00	2026-02-09
kl-infotip-in-modal-fix	634357344749ddb92f278931a2976c45b0e949f8	2025-12-10
kl-js-cookie-vuln-beta	38b745a14d64718b8cfbbb2bf765ce9d3a27e39b	2026-07-06
kl-percio-theme-borderv2	f3d6fbdd2e22e43db768e81fc82a585bf0050d8c	2026-06-15
kl-percipio-theme-border	f3d6fbdd2e22e43db768e81fc82a585bf0050d8c	2026-06-15
kl-picomatch-test-run	04d11e0f417d73e6782b2a1af9a1bc4b290e0f3b	2026-04-29
kl-popover-beak-test	bea6496bb64541b3d1d5ac11d3e50411fe3f9846	2026-03-05
kl-popover-height-scroll-test	83420536302e7f8a1786f7605e06e75f5b2704dd	2026-03-16
kl-radio-label-question	b154a19c2f224f408fe650953f7d68cf0e833867	2025-11-10
kl-styleguide-ts-mods-err	51b578f0149fd75e6f08eba1669903ad2582f8db	2025-03-28
kl-testing-again	9d4d933798e9c73708fb1876f44311ecc7d97ac0	2025-04-01
kl-testing-main	a4d050a875968e641b9342467f2859da61807427	2026-02-09
kl-textarea-resize-test	540b91936e15ea0666c1eb19f63f209faa89bb8e	2026-03-26
kl-web-2447-for-author	1a805df09bf179113be09426f2c0aac7c83a8a19	2024-02-21
kp-add-custom-field-handling-to-md	65322b617c8133157fc4c0be38788040c115c22c	2020-12-23
kp-hackathon-article-redesign	c572f8826788301411c373269ebd9c9095f11b20	2021-04-02
kp-WEB-921-allow-color-differences-in-highlighted-text	16167c0972bd54b7905214022de7d3e231389a01	2020-06-18
kp-WEB-971-css-in-js-input-stepper	5f6f6ebd802d424b81d7eae386c3445c38557ec2	2020-08-26
main	8767ae7f38dd6f7f6b079a1d049960391b22b8f2	2026-09-11
mschiller.GA-79.add-error-loudly-in-dev-component	f1d436942eecc2e44df77a7abdab8000d994b8e5	2021-05-07
mschiller.new-popovers	9117ec0545cced4ef872f5726ed85043a2128f2b	2022-05-18
mschiller.popover-mini-refactor	3b75b1fe76238fcca914248e81670b4f304b5d42	2021-09-17
mschiller.REACH-1331.allow-hover-popovers	6c800f3b8627e05f6fb7ae83291e33d6090dc293	2021-09-20
nd-task-user-visit-plan-code	529b2e7242a35c5dedccf219c42b7563866758f5	2021-02-05
next	b7c5aef8c32e122888e8263a513705d7775d8834	2020-08-12
no-storybook--nx	3a908bbed39bad76ec6cd2a5372cb08a07bf688a	2024-07-02
no-storybook--yes-storybook	a7eecff60a220d2a536970a9d6a62500960d086a	2024-07-08
np-gmt-257	5d10a0ad469e1496d362c802bf4d1c8e63609eda	2026-04-07
nw-feedback-success	d5f487f5e682232922e796b378927a070ca5b9de	2023-01-06
nx-22.x.x	20f25fb5fa128ba9ec8f08b33c79fb261b446919	2026-01-29
nx-integration--cloud	cc202f17ab5a709103b4dd343b05bbada56e36ce	2022-08-09
nx-release	e4b31ba110620c0837363e2616ab99333f661fc8	2026-03-18
rb-align-tooltip	aa23b42afd8dc7a2069a1bdf5b23375d2d94ca41	2021-05-21
rb-align-tooltip-2	07a3d57047e7f705ca9d4b7c67659d9933705036	2021-05-21
rb-navbar-referral-DISC-466	0473fdcf0a605482a9e209b7f11894ae0b6d2b5f	2022-01-31
rb-truncate-prop	dee0043f5f8342b876a41809157d5b3dcc7a3236	2021-12-08
refactor-app-header-dropdown	91d2390bcd1990a6aaba4799b362aa6163031247	2022-08-30
remove-moment-from-styleguide	3db77a89f82cfbfba74b0f4ee52cf611d7207443	2020-12-07
renovate/babel-monorepo	bd9c165c19aefbee89165f6b93f53c8b323dfc46	2019-06-06
sa-EGG-1688-hyperlink-icon	c9f260c60e5c5ea85acf7b034913a60d5bd22cda	2021-08-16
sa-EGG-2730-add-diamond-icon	cc52873b27de52f7508a902861b1033665cbecba	2022-08-23
sa-egg-539-app-header	d2add94c7ce9c2fdfc2149c4cae0b59d49b7d9c9	2020-12-18
sa-kz-EGG-1788-coachmark-mobile	cd4eaaf63f689608d7be9177d14d9d7b932d3aff	2021-09-10
sa-label-change-example	68aacfdd92a4aacc469791e7e3a494503f156f86	2022-09-12
sa-LXP-8087-add-builder-illustrations	a97f40134a53baa8feafb159a9befbb05e27faa8	2025-12-03
sc-egg-255-add-smallcheckicon	4bb90b0386f60ee19c1bcf1ea40452bc3ba268fd	2020-10-15
sc-userclickdata-goals	4e8954e42dd41d937e6d9aceb70169b64710f06e	2021-04-20
snyk-fix-0e4373f842b7fc39d9a5bb33891d8c74	c09b8ab6e1e3d941636a4632df4bb1699f2a59f1	2026-01-26
snyk-fix-18002441f31987eeb26d440e2aabbad0	9fe1aef3c55d3335454babb659ec106d3c85d263	2026-03-26
snyk-fix-29e6ee40cf0c4f3aa7e41daea6617270	d5e2c2e12afdcfc5361abe6326badb20755365d7	2026-04-03
snyk-fix-2b8e841686aa495a751f9fed8461db6f	bad068988c2ce3ab5805a6d2f4e4ac368e271b62	2026-04-02
snyk-fix-38d13779b9d07510b42bcf69a31c2bc7	98b5ed039ae393dba6a4411282a925ed31bf7cd6	2026-04-13
snyk-fix-4b1f7e2d6fab5e967cf98a4e55b04115	c6dbf6e1ee2e0713cffd3e71901de5691d483579	2026-04-02
snyk-fix-4b63a052976c7ff1ce060612ad620b45	d0564fa5369460d3da1a9f9ebba7232c0ad4d2c1	2026-01-26
snyk-fix-51407ba8a9e1658e9dad37aa2f58d2a8	4a188d7b27f1f2d12e03100249dc27473992737c	2026-04-02
snyk-fix-672e6ef907d0eadec50e7989bf6a7526	02a67593a8b746a41f597125455b705419bbdef5	2026-01-26
snyk-fix-7d8e6b32d659ae701d337547615bf8df	213a428332d4e7ba1e8204957d129be055bfa081	2026-04-02
snyk-fix-8cb1ba9af0e8f267ccf08e6414af5a1d	0f9d4269751836abf844b45913f64248fb0c9d49	2026-01-26
snyk-fix-9b6f1bb37ddb50c7dcd253b25ed46fa3	176cb271d0865200327d4e61ba05a19645c5c518	2026-04-02
snyk-fix-a3fe7126efcec9dd830a18a2370e3a2d	4df3a0e97851e8bc4ff4e18475ec3bc4497e1aef	2026-01-26
snyk-fix-ac201cf0aeb3da8165817d5d2d0985ca	82508f3a032f95db78f9f2e055065848b256ae22	2026-04-02
snyk-fix-bd5785f1784e3585f247ad5443374011	3e673966ec2dc8946c7cc4dc11fd20a27a503542	2026-01-26
snyk-fix-c60f8e0816129555ef572864da295205	1cbe45e9e4daede5d7cf30b00928e75fe2d9a1a2	2026-04-02
snyk-fix-c732123af0cb7f6a8ecccb5b793ab5e1	0c30fdfee981f1b4903394ba18496865c98a6e07	2026-01-23
snyk-fix-d789d5c55ef86a497c26a4777a1a2dde	77954f66e042920972bb98dce55885e5e1b61544	2026-01-26
snyk-fix-dd6604dd70753734d26ec9478a36a620	d3eb460e2f81092e69a9ccda76bbd58f405aaa22	2026-01-23
snyk-fix-ef764d3e5418d252ba55fec2205db8b4	84c23bc39b0a7e1b96b219d48fdfa5d6b6dbe3f2	2026-01-23
snyk-fix-f4c611c59b94a18bb69a16d696a01ebe	6529c83313507299b6dc9b685299582e66026371	2026-01-23
sp-gmt-1663	f5bb3aadf2bca751170d9fde1f47e1a5cd81ee15	2026-06-03
ss-EGG-824-flashing-dropdowns	665510644fbd6256577cc457bebce24f227356f5	2021-03-05
ss-figma-storybook	89b3ad2ec523681b7a1c2c860f26711365523073	2021-08-05
ss-ux-writing-storybook	c29bd323fbe3869d1e3fdc48a965bef9d56f86d2	2022-01-06
system-bash	92cf2e429dd0bf32d413ee4ef15abff14f655a30	2020-10-22
tc-add-dirty-and-touched-fields	60d2dfba0c2f115f8defea522637902493b16a63	2025-05-08
